Moneda,Capitalización de Mercado (%)
BTC,46.40220556097208
ETH,18.134737039875578
USDC,2.3784323494782957
USDT,7.604614820742989
BNB,3.034008589262677
