Moneda,Capitalización de Mercado (%)
Bitcoin,46.40220556097208
Ethereum,18.134737039875578
Tether,7.604614820742989
Binance Coin,3.034008589262677
USD Coin,2.3784323494782957
