Crypto,Ranking,Precio (USD),Capitalización de Mercado (USD),Volumen de 24 horas (USD)
ethereum,2,1642.82,197468931419,7193726169
bitcoin,1,25953.0,505214639653,12501996700
uniswap,21,4.7,3545521074,134206316
tether,3,0.999483,82810534883,23808222064
binancecoin,4,214.65,33037282687,795496122
eos,58,0.582049,650276006,102347343
frax,48,0.996939,804268546,5731854
usd-coin,6,0.999786,25898266310,2362890281
pax-gold,78,1899.86,473021205,8350380
tether-gold,81,1904.91,469636841,4006938
